% Model,UnitSquareX_Source_Ref.mph
% Version,COMSOL 5.5.0.359
% Date,"Nov 15 2021, 10:47"
% Dimension,1
% Nodes,1270
% Expressions,1
% Description,Line graph
% cln1x,Height
0,7.537437340943143E-11
9.716805030704782E-5,9.958966984413564E-11
0.00161946750507689,1.581668129801983E-10
0.0031417669598503566,1.4017587091075256E-10
0.0032389350101532646,1.3710632629226893E-10
0.0033361030604509337,1.3369572116062045E-10
0.004858402515226257,1.0930989446933381E-10
0.006380701970188249,9.85664883046411E-11
0.006477870020292977,9.745804163685534E-11
0.00657503807028654,8.492406777804717E-11
0.008097337525277448,6.770051186322235E-11
0.009619636984117889,6.343725544866174E-11
0.009716805029581813,5.491074261954054E-11
0.009813973072304468,5.047695594839752E-11
0.011336272530134871,4.928324415232055E-11
0.012858572046201885,3.97335497837048E-11
0.012955740023221824,3.001332515850663E-11
0.013052907977127893,2.830802259268239E-11
0.014575207484309866,3.0183855415089056E-11
0.01609750750039028,2.063416104647331E-11
0.016194674827632576,1.5006662579253316E-11
0.016291841826980895,1.1169731806148775E-11
0.017814141708302225,1.0913936421275139E-11
0.019336448780525445,8.697043085703626E-12
0.01943360839966436,6.565414878423326E-12
0.01953076671863136,-3.410605131648481E-13
0.021053073967352186,-6.394884621840902E-12
0.02257536498632197,-6.821210263296962E-13
0.022672511249165826,-5.6274984672199935E-12
0.02276963041146518,-1.3983481039758772E-11
0.024291714863564986,-1.935518412210513E-11
0.025814605328297126,-1.3130829756846651E-11
0.02591077167800338,-1.5688783605583012E-11
0.02600670001455105,-2.319211489520967E-11
0.027529628163612922,-2.745537130977027E-11
0.029057138107873325,-2.5409008230781183E-11
0.029148922563295123,-3.581135388230905E-11
0.02924043281570139,-3.785771696129814E-11
0.030768793109542253,-3.376499080331996E-11
0.0322978753798165,-3.871036824421026E-11
0.03239017282373685,-4.263256414560601E-11
0.0324832706580962,-4.4082071326556616E-11
0.03401214559027274,-4.058620106661692E-11
0.03551235668180049,-4.6213699533836916E-11
0.03563196060546387,-5.1159076974727213E-11
0.03575813905398545,-5.184119800105691E-11
0.037253545409408964,-5.1670667744474486E-11
0.03882223412501258,-5.5933924159035087E-11
0.038913572200744664,-5.763922672485933E-11
0.0389931198952133,-6.582467904081568E-11
0.040629476227097804,-6.957634468562901E-11
0.0423420152687691,-6.446043698815629E-11
0.04244481453420093,-6.718892109347507E-11
0.042519500631746206,-7.486278263968416E-11
0.04427732749093577,-7.827338777133264E-11
0.044283444060198435,-8.458300726488233E-11
0.045613161249302835,-7.742073648842052E-11
0.04701569469395703,-8.287770469905809E-11
0.047383630986736196,-8.628830983070657E-11
0.04812457721714539,-8.560618880437687E-11
0.049132933148968785,-8.526512829121202E-11
0.049619257531115804,-9.00399754755199E-11
0.050896624496220934,-9.703171599539928E-11
0.052189036782852846,-9.36211108637508E-11
0.05265830466267582,-9.259792932425626E-11
0.0536878272142427,-9.336531547887716E-11
0.05441491167969229,-9.310952009400353E-11
0.054745265820023224,-1.0265921446261927E-10
0.05616792184167459,-1.0436451702844352E-10
0.057294081540327016,-9.85664883046411E-11
0.05791898573013165,-1.0085265955694922E-10
0.059295602235242426,-1.0572875908110291E-10
0.0596694426682413,-1.0913936421275139E-10
0.059838684053081286,-1.1272049960098229E-10
0.061419516338378305,-1.0504663805477321E-10
0.06238048347210713,-1.0896883395616896E-10
0.06316945640900154,-1.1596057447604835E-10
0.06491402217364561,-1.0794565241667442E-10
0.06491936165393417,-1.0913936421275139E-10
0.06492177581283047,-1.1834799806820229E-10
0.0666692671836892,-1.2163070550741395E-10
0.06746286934070408,-1.2295231499592774E-10
0.0684191727134531,-1.1783640729845501E-10
0.07000396286856503,-1.185185283247847E-10
0.07016907824321642,-1.226112544827629E-10
0.07053427122876438,-1.2808953897547326E-10
0.07191898377297339,-1.2805756455236406E-10
0.0725450563964054,-1.2585132935782894E-10
0.07366888930272658,-1.261923898709938E-10
0.07508614992425061,-1.29091404232895E-10
0.07541879483248203,-1.3642420526593924E-10
0.07615452030577143,-1.340367816737853E-10
0.07716870036224166,-1.3096723705530167E-10
0.07762724345210734,-1.34718902700115E-10
0.07891860589200325,-1.396642801410053E-10
0.08016833697996156,-1.3983481039758772E-10
0.08066851142176365,-1.3659473552252166E-10
0.0817747693827871,-1.361684098810656E-10
0.08241841695152258,-1.4367174117069226E-10
0.08270943050781061,-1.4597389963455498E-10
0.08416832248128146,-1.383000380883459E-10
0.0852505240356605,-1.3915268937125802E-10
0.08591822801104106,-1.4032508488526219E-10
0.0873950184598102,-1.418811734765768E-10
0.08766813354080068,-1.4716761143063195E-10
0.08779161756351063,-1.4989609553595074E-10
0.08941803907055883,-1.4290435501607135E-10
0.0903327110913586,-1.524540493846871E-10
0.09116794460031458,-1.5450041246367618E-10
0.09287380461921167,-1.4597389963455498E-10
0.09291785013007173,-1.5194245861493982E-10
0.09301526753680767,-1.5791101759532467E-10
0.09466775565983045,-1.546496264381858E-10
0.09541489814706573,-1.5859313862165436E-10
0.09641766118959019,-1.567173057992477E-10
0.09795599167491763,-1.5825207810848951E-10
0.09816756671934956,-1.6405010683229193E-10
0.09863551661381634,-1.609805622138083E-10
0.09991747224910766,-1.5450041246367618E-10
0.10049708520276665,-1.5876366887823679E-10
0.10166737777886506,-1.6370904631912708E-10
0.10303817873061656,-1.6285639503621496E-10
0.10341728330862308,-1.6328272067767102E-10
0.10425576569082458,-1.6268586477963254E-10
0.10516718883838203,-1.61662683240138E-10
0.105579272258469,-1.6933654478634708E-10
0.10691709436814176,-1.6899548427318223E-10
0.10812036578632206,-1.6183321349672042E-10
0.10866699989790155,-1.6486012555105845E-10
0.10987601476783453,-1.6677859093761072E-10
0.11041690542766128,-1.7104184735217132E-10
0.11066145931417505,-1.7206502889166586E-10
0.11216681095742206,-1.67290181707358E-10
0.1132025528420289,-1.6558487914153375E-10
0.1139167164871832,-1.7428192222723737E-10
0.11549626384484053,-1.6405010683229193E-10
0.1156666220169382,-1.6439116734545678E-10
0.11574364636988592,-1.715534381219186E-10
0.11741652754675488,-1.737703314574901E-10
0.11828473989804451,-1.7547563402331434E-10
0.11916643307690758,-1.7257661966141313E-10
0.12082583342804279,-1.737703314574901E-10
0.1209163386088925,-1.7274714991799556E-10
0.1211165129260894,-1.7701040633255616E-10
0.12266624415241772,-1.7274714991799556E-10
0.1233669269929267,-1.6916601452976465E-10
0.12441614974196144,-1.7206502889166586E-10
0.12590802070726523,-1.715534381219186E-10
0.12616605549195728,-1.787157088983804E-10
0.1267367627124982,-1.7530510376673192E-10
0.12791596156854543,-1.715534381219186E-10
0.12844911490512123,-1.751345735101495E-10
0.129665868308076,-1.793978299247101E-10
0.130990210483404,-1.800799509510398E-10
0.13141577647970618,-1.7837464838521555E-10
0.13235702372363584,-1.7752199710230343E-10
0.13316568730748254,-1.8280843505635858E-10
0.13353130866941137,-1.858779796748422E-10
0.1349156021121241,-1.7922729966812767E-10
0.13607240768566498,-1.7888623915496282E-10
0.1366655181969037,-1.8054890915664146E-10
0.13797759539787507,-1.8042101146420464E-10
0.13841548607063228,-1.880096078821225E-10
0.13861341907872687,-1.8980017557623796E-10
0.14016549239346343,-1.82978965312941E-10
0.1411540021948321,-1.8673063095775433E-10
0.1419155059501308,-1.8894752429332584E-10
0.14360537932567335,-1.7956836018129252E-10
0.1436651743377537,-1.7905676941154525E-10
0.1436921157407089,-1.8690116121433675E-10
0.14541372175594067,-1.87199589163356E-10
0.14621255522300233,-1.8638957044458948E-10
0.14715852357931425,-1.8349055608268827E-10
0.1487003046507981,-1.8638957044458948E-10
0.14889539908220226,-1.9133494788547978E-10
0.14936812562142135,-1.8826540326699615E-10
0.1506211209734624,-1.8383161659585312E-10
0.15111585527975985,-1.8809487301041372E-10
0.15231215751483232,-1.858779796748422E-10
0.15337270170518327,-1.8945911506307311E-10
0.15395654991255772,-1.9235812942497432E-10
0.15546462036032582,-1.8485479813534766E-10
0.1555198223200929,-1.8997070583282039E-10
0.15569201241078792,-1.9372237147763371E-10
0.1569862086666779,-1.9764456737902947E-10
0.15740373156189366,-1.971329766092822E-10
0.15827703583104252,-1.9167600839864463E-10
0.15969965304846484,-1.9747403712244704E-10
0.15971319038317838,-2.000319909711834E-10
0.15971980638565098,-2.049773684120737E-10
0.15981391363431535,-2.1145751816220582E-10
0.1613423836877284,-2.0719426174764521E-10
0.16146231735432076,-2.1452706278068945E-10
0.16273511797488133,-2.0941115508321673E-10
0.16301342934122082,-2.1657342585967854E-10
0.16411978444948658,-2.2441781766247004E-10
0.16436923533981687,-2.305569068994373E-10
0.1653314955194729,-2.332853910047561E-10
0.1663246847243376,-2.305569068994373E-10
0.16676131457657212,-2.363549356232397E-10
0.16799636365445209,-2.503384166629985E-10
0.16813154568222236,-2.5818280846579E-10
0.16817283211037665,-2.639808371895924E-10
0.16953637630708335,-2.7284841053187847E-10
0.16977337022930267,-2.7898749976884574E-10
0.1709492432323201,-2.844444679794833E-10
0.17111295303540933,-2.9314151106518693E-10
0.1726932228567069,-3.1377567211166024E-10
0.1726985932784232,-3.227258460469784E-10
0.17361509115641455,-3.2162006391445175E-10
0.17444568720146342,-3.192326403222978E-10
0.17445066438942464,-3.248601387895178E-10
0.1760681461766489,-3.204263521183748E-10
0.17656765312072023,-3.391420477782958E-10
0.17774519177547665,-2.9595526029879693E-10
0.17888540218851845,-3.297628836662625E-10
0.1794479698044613,-3.4788172342814505E-10
0.18093574283472993,-3.4216895983263385E-10
0.18117205550154128,-3.4873437471105717E-10
0.18126533333333336,1.4665602066088468E-11
0.1827575010247196,-3.027977868441667E-11
0.18341982005309238,1.816147232602816E-11
0.18466413980401258,2.0804691303055733E-11
0.18556230338690954,1.892885848064907E-11
0.18651282898373767,2.319211489520967E-11
0.18721997150551264,1.9099388737231493E-11
0.18881059814577208,1.3642420526593924E-11
0.18892299023567313,9.549694368615746E-12
0.18920548313407293,9.208633855450898E-12
0.1905658067088079,1.3642420526593924E-12
0.1911776880480242,8.86757334228605E-12
0.19222198696990342,-3.035438567167148E-11
0.1936096029109297,-1.3812950783176348E-11
0.19390884413561169,-1.2107648217352107E-11
0.19451909038110432,-1.8417267710901797E-11
0.1956200682647565,-4.476419235288631E-11
0.19618510244592874,-2.8137492336099967E-11
0.1973749075778563,-1.2022383089060895E-11
0.19881353369797716,-1.1937117960769683E-12
0.19913350294723917,-4.988010005035903E-11
0.19979999999999992,17.26204234139803
0.2008860750207915,18.013570666366093
0.2013786201137209,18.382878095651506
0.20264223827563776,19.295793226669048
0.20393121968926195,20.30767093624098
0.204398401530484,20.659608422032306
0.2054285499071551,21.50680687496876
0.20615456478533023,22.098741615282165
0.2064838192648029,22.39165061176385
0.20791072804017646,23.610074920632144
0.20903641884034374,24.65573439816336
0.20966689129502275,25.2201017926711
0.21105709981431012,26.569883673899767
0.21142305454986887,26.924106924801208
0.21158901841588476,27.096598199123207
0.2131792178047151,28.69912098844793
0.21414161799142561,29.747198832079846
0.21493538105956145,30.581105730339573
0.21668564972146567,32.561316424594224
0.2166915443144077,32.56882044925442
0.21669421756696652,32.571733000998904
0.2184477075692539,34.61301227333149
0.21924681714250754,35.60563844378498
0.22020387082410015,36.75281830053541
0.22179941671804845,38.77914679681402
0.2219600340789464,38.9633936445029
0.22231412286575408,39.43435861947148
0.2237163832146631,41.21650845435586
0.2243534672510486,42.0848460817121
0.22547318233656344,43.5133676924296
0.22691222949965248,45.3980468429948
0.22723005942318422,45.84029937536934
0.22792118682856224,46.704851992155454
0.22898606239837024,48.076447549981935
0.22947887761236718,48.67265015163929
0.23073985200650343,50.1915535698634
0.23204646044509605,51.64338853816355
0.232476641480028,52.073832372928194
0.23335867195598947,52.96550873159066
0.23420234529418166,53.81599744128084
0.23461614654376445,54.119137277949164
0.2359179619541151,54.989560051415424
0.23721182618773543,55.49541274091456
0.23763403082372397,55.46519219293347
0.2384537983344375,55.44332901823259
0.23938180172661883,55.17039227221113
0.23986668576428333,54.95795141619601
0.24104869917911428,53.88418553253865
0.2423286153725699,51.49756417358367
0.242695154588312,51.1481433372677
0.24437957812212763,45.64000912728625
0.24479535351584808,44.42591022059548
0.2453739840866592,41.8519073911815
0.24664094275668288,36.24500265042809
0.24771108439228742,29.501135183807037
0.24836494450681054,26.089939376698503
0.24959662650782038,17.572021206067802
0.2500724808606297,14.884138656908192
0.25028703916984985,12.684374587707225
0.25176053086617844,3.363680138282234
0.25277478948275356,-2.894063534678253
0.25339556579176464,-5.926653550494869
0.25453976353116703,-11.492285430030734
0.25496689592471,-13.134956058531714
0.25518916064719016,-14.165962340902297
0.25650387715165957,-18.736068807040965
0.2576567483656649,-21.218374668138722
0.2580508472374275,-22.14392551888534
0.2584374445852608,-22.69102068949951
0.25952052631631883,-24.425786158462188
0.2604505615966278,-25.001586326203608
0.26101821399746084,-25.64124468940281
0.26211031224340703,-25.93179245455167
0.2626594788144794,-26.20850643822257
0.26296700944578766,-26.07089131942155
0.2643256580546608,-26.210854172315635
0.2654965028621038,-25.79567142485132
0.26600971955533564,-25.732108989850985
0.2669679636722546,-25.380419548504506
0.2677019966295765,-25.075664023259378
0.2680260342963576,-24.925889684038452
0.269460169971598,-24.314299994030193
0.2700821273299545,-23.922343560590207
0.27130077613867304,-23.323974095430913
0.27139428369151763,-23.232788179927596
0.2727073460008791,-22.55381054277401
0.2731632371805036,-22.28231887022389
0.27470850332754493,-21.48989270846539
0.2755384800220241,-20.98449239218371
0.27641824794805686,-20.57890523979529
0.27801683827263995,-19.74508845998156
0.2781629488676512,-19.6258768803782
0.2785088103486477,-19.464890816382876
0.2799144697356733,-18.77900490232105
0.2805118249341339,-18.492416879631833
0.2816699867676081,-17.969034209872007
0.28306180653103163,-17.34472921318593
0.2834257479985646,-17.207520104448406
0.2842282486073264,-16.84455902283173
0.2851819112534108,-16.467816071815747
0.2856144061065712,-16.2581838662864
0.2869380745082568,-15.76214012255059
0.2881670056821118,-15.28274621986344
0.28869423776310293,-15.121934596155398
0.2898567985144817,-14.697430430774034
0.2904504010179491,-14.512243668716224
0.29071959006183545,-14.395466962089642
0.29220652287119714,-13.924363686007268
0.2932721580812086,-13.588266307509741
0.29396267380731794,-13.382220556133234
0.29548531549330703,-12.9474002168443
0.29571885027677264,-12.870242174202076
0.2958247668457618,-12.864675330507964
0.2974750154687725,-12.416612906465673
0.2983773847125597,-12.17326827148122
0.2992311959258262,-11.973689022904779
0.30092999575828794,-11.574093540723084
0.30098737137870823,-11.541052458937656
0.301113886487798,-11.520209477299943
0.30274353578208685,-11.16563750563833
0.30348260037934033,-10.998846822311464
0.3044997030023629,-10.79595537468333
0.3060352017728574,-10.49290241870483
0.3062558687036232,-10.439703653147035
0.30674244552227936,-10.352832427398084
0.30801203271808264,-10.116945157973987
0.30858780200910757,-10.016797203927581
0.30976819644163045,-9.814421874190657
0.3111404017829383,-9.581612085419977
0.31152435993462774,-9.53029575768636
0.3123709979270921,-9.391856949101907
0.3132805232792924,-9.256539594215127
0.31369300141777395,-9.185414700387525
0.31503668656727124,-8.994360296172772
0.3162456010088559,-8.820488677369667
0.31679284983453293,-8.747331606669036
0.31799954804312774,-8.591058542272833
0.31854901309009226,-8.515256860124737
0.3187982005865512,-8.490069880080341
0.32030517634625183,-8.301191073049722
0.3213508001627797,-8.175099154942757
0.3220613396035743,-8.093153657068115
0.3236280979567142,-7.918744381665533
0.3238175028593294,-7.894434090162804
0.3239033997391257,-7.892933342078493
0.32557366611428173,-7.714689554485346
0.3264559993149694,-7.620795564725029
0.3273298293694826,-7.538227765262292
0.3290085988906828,-7.378839329051402
0.329085992624491,-7.365164080375735
0.329256647864513,-7.352204345751147
0.33084215587935417,-7.208021405056229
0.33156119846628496,-7.1447972781982685
0.33259831913423255,-7.057326746542913
0.33411379804184943,-6.933635728652121
0.33435448238909277,-6.91577625521569
0.3348851977716815,-6.870273916507244
0.33611064564393905,-6.777343193063537
0.33666639761739164,-6.731104201122662
0.3378668088987816,-6.644409371562972
0.3392189971929128,-6.545324247524206
0.33962297215362225,-6.521053580836224
0.34051374767887377,-6.457937090365874
0.34137913540847675,-6.401384603900226
0.34177159676844765,-6.37174514691884
0.3431352986633365,-6.2855194166752995
0.34432419634402456,-6.210335052786434
0.34489146191819114,-6.175139494172981
0.3461422975859507,-6.101560980680155
0.3466476251730278,-6.070035770300365
0.346876795919602,-6.0594333992178235
0.3484037884278468,-5.972675558089691
0.34942939549512764,-5.914698338695246
0.3501599516826678,-5.8774846741545375
0.35177084749302645,-5.790746658182343
0.35191611493751207,-5.786519153430618
0.35198199507062516,-5.780479760131641
0.3536722781923674,-5.696607264664635
0.35453459464615505,-5.654129323725385
0.35542844144722957,-5.613526784461158
0.3570871942217051,-5.537476626539046
0.35718460470208935,-5.530406096977231
0.3573993974003166,-5.522034098115597
0.3589407679569417,-5.453810352340497
0.35963979379725103,-5.423218556290408
0.3606969312117925,-5.379793168708375
0.36219239337279785,-5.317667698580635
0.36245309446664575,-5.30939086251999
0.3630279473075026,-5.285155268003905
0.36420925772149554,-5.24022296809008
0.3647449929483447,-5.217807350115606
0.3659654209763426,-5.173332986479693
0.3672975925238864,-5.124389725690435
0.3677215842311907,-5.108520277370985
0.3686564972146537,-5.076371848420024
0.3694777474860408,-5.047032518126684
0.3698501920994458,-5.0351830149917305
0.3712339107408796,-4.988932565447328
0.37240279167501794,-4.950088529295272
0.3729900739956934,-4.932321787762426
0.3742850471214389,-4.890850395034761
0.3747462372504802,-4.875671820143452
0.37495539125055793,-4.870574857705549
0.37650240050525796,-4.823838138695322
0.3775079908259733,-4.79317232143751
0.3782585637600939,-4.772746721981477
0.3799135970288159,-4.724675564172003
0.3800147270149919,-4.723541700013129
0.38006059040148155,-4.7209563418587095
0.38177089026991073,-4.67465402853486
0.3826131899771221,-4.651895590457286
0.3835270535248131,-4.628449350006235
0.3851657895527295,-4.586253551838297
0.3852832167796533,-4.584531332204108
0.3855421469360051,-4.576846088699654
0.38703938003445293,-4.540931957636381
0.38771838912818496,-4.523479338759103
0.388795543289294,-4.498768805302234
0.3902709887037322,-4.463727744341554
0.39055170654421045,-4.4584511287544615
0.39117069684333383,-4.443862941509678
0.39230786979911914,-4.418913337858555
0.3928235882794499,-4.406526194403625
0.39406403305391824,-4.380346641844596
0.3953761878548819,-4.352281848158498
0.39582019630859966,-4.342712027592938
0.39679924675019834,-4.322892031543006
0.3975763595633351,-4.306607105740227
0.3979287874300364,-4.299969083244264
0.3993325228182837,-4.272181164045321
0.4004813870057627,-4.249388289464605
0.4010886860733627,-4.2383298818259405
0.4024277966571219,-4.2123936859034075
0.4028448493282234,-4.205276458324704
0.4030339865819892,-4.200924723541959
0.4046010125826136,-4.17251373461886
0.40558658615760057,-4.154386466517565
0.4063571758367512,-4.140971821155631
0.4080563465606979,-4.111224077576253
0.40811333909120484,-4.109904056489768
0.40813918573225916,-4.109747497521823
0.40986950234627717,-4.080429427431
0.41069178530775635,-4.06640217433096
0.4116256656015702,-4.0512698066193025
0.4132443848839503,-4.024685843164036
0.41338182885669744,-4.023137684835035
0.4136848964694744,-4.017660827619693
0.41513799211141056,-3.995092626946972
0.4157971064276518,-3.98415812169776
0.41689435069483055,-3.9676424887345547
0.4183515172961413,-3.945283925211527
0.4186514789514948,-3.940421575379105
0.4193103079081768,-3.930735988144079
0.4204102578404735,-3.9142089270435463
0.4209136831855129,-3.9068641935214146
0.4221717844141287,-3.8886145257374096
0.42349592808641984,-3.869349268874373
0.42393923252599436,-3.8633170723261117
0.4248590753845902,-3.849966797196714
0.4257070608896437,-3.8377738286911836
0.42613247980008667,-3.831759011021461
0.42746842731004997,-3.813458161093706
0.4287090866048505,-3.796058605551252
0.42915757709929464,-3.790366026533121
0.43037134971099356,-3.773560750004208
0.43076278095777365,-3.7684487267480904
0.4308660639956824,-3.7668124251406425
0.4324105504308944,-3.746224228598521
0.43253696337721026,-3.744382583265349
0.43333081183503797,-3.7339247838440315
0.43417864694209485,-3.722525561557717
0.43433195866803653,-3.7207515500155495
0.4358560719916672,-3.7005331085342856
0.4362837702274384,-3.6951218669830723
0.4375123840357381,-3.678853375427451
0.43819137917964257,-3.6703929801890496
0.43918925082583554,-3.657170159537216
0.4401260003014494,-3.6454290541212657
0.4408665189428889,-3.635598393724308
0.44207812216731035,-3.6203375471460006
0.44253972159016564,-3.6142767152392707
0.4440525737044805,-3.5951414702410602
0.44421000869086796,-3.592964908470435
0.44501815933672006,-3.582779071147229
0.4458769339627706,-3.5717672583500644
0.44604771028882767,-3.5697644901204058
0.4475567761471365,-3.5504665553164614
0.4480576791494147,-3.5442325792790825
0.4492702903164251,-3.5286500612669442
0.4500351782582154,-3.519125720539904
0.4509674900283932,-3.5070770311094606
0.45198057806323944,-3.494323265268001
0.4526189654771151,-3.485982174472383
0.4539144749624487,-3.4694675594700186
0.4542112782022391,-3.4656464636980218
0.45580383001077307,-3.4451152361770596
0.45581548008544664,-3.444892557787284
0.4558767159881684,-3.44416797066674
0.4574654241868999,-3.4234262665645474
0.4577776308939743,-3.419436533179578
0.45916946793585744,-3.4010577370447237
0.4596544636012729,-3.3946879251963082
0.4608893015162852,-3.378202807960349
0.4612448525026581,-3.3734562612034296
0.4616680625890264,-3.3677507151147665
0.46288903342190907,-3.3512166347212045
0.4637774423659886,-3.3390061717294515
0.464661429129266,-3.326825781609699
0.46590807121270605,-3.3092608249452837
0.4660614715451633,-3.3072008542484355
0.4665690528459342,-3.299904807171515
0.46761809225822715,-3.2848890893367297
0.467811952243211,-3.2820089312960476
0.46833234971972704,-3.274423679610919
0.4693616280749726,-3.259339130221747
0.47030403152191286,-3.2450221865315143
0.4707260800775706,-3.2387514427505977
0.47092275363117786,-3.235560626440929
0.47209745039808027,-3.217413389370904
0.47272563004681656,-3.207521485092343
0.47354019868258723,-3.1944020343792943
0.4749161477786579,-3.1715139964795185
0.47498541488794976,-3.170544609649255
0.4750703958060725,-3.168778865702677
0.476646792516053,-3.14176278832781
0.4783444801926365,-3.1102999000820546
0.4783700387003664,-3.1101860380003927
0.47838209977149604,-3.1097603190878544
0.48008094958020514,-3.0763520617540507
0.4806293644146221,-3.065065912407249
0.4817703874220204,-3.0401650710160197
0.48293285394739494,-3.0137173967372632
0.4833721917305065,-3.00232094940975
0.48447741581322745,-2.974585423643589
0.48500798989649774,-2.959266766349856
0.48520248669847577,-2.955771013656033
0.4867098303353795,-2.9110403704700047
0.4872949490815352,-2.8916561511314285
0.48843581916096207,-2.851899566356934
0.4894168096966989,-2.8134032716797037
0.4901068255392389,-2.785688842417244
0.4915066559844501,-2.7183647303721727
0.4917936490269939,-2.7007420370119917
0.4930273352451101,-2.630633646032125
0.4934549071468673,-2.6006267799207876
0.49355971669889864,-2.59719026900666
0.49509313954111284,-2.4874667833577178
0.4956450646392319,-2.4359163482590134
0.49670245431341997,-2.347335502616602
0.49777087602050824,-2.2317912235032793
0.49832363969824167,-2.1786095651336836
0.4999441037198956,-1.9854570604015862
0.5000336197659498,-1.9740053843106011
0.5003521856900076,-1.9362743427954996
0.5018237353587981,-1.759801482279272
0.5022564630984321,-1.6990966809004249
0.5036537861135963,-1.5308871132583022
0.5046097095616873,-1.415360320317916
0.5054742499666425,-1.3203065311909086
0.5069529619439328,-1.1676015532830775
0.5072910525524399,-1.1413942325393691
0.5084771494433744,-1.0329439559900493
0.5091063563163041,-0.983221333380186
0.509284385727673,-0.9647934345416047
0.5109190253825903,-0.8439364395968596
0.5116082795317084,-0.802279622885294
0.5127294407757437,-0.7318762937038059
0.5139277884210144,-0.6688904858316391
0.514538980040843,-0.6380240500415653
0.5162459233085243,-0.5630648598856283
0.5163484030549632,-0.5563114916567429
0.5167129921168219,-0.542663371321737
0.5181578260690834,-0.48721617891158076
0.5185639441690594,-0.4755417482361963
0.5199672490832037,-0.4286740423956701
0.5208819650295942,-0.403536629985922
0.5217766720973238,-0.3779231776980225
0.5231999858901292,-0.3437811223885774
0.5235860951114439,-0.33395253052913176
0.5249597440876164,-0.30522348395254895
0.5253955181255642,-0.29583182651481366
0.5255180067506641,-0.29385244572557667
0.5272049411396843,-0.26202592215440745
0.5278360276111991,-0.2523317724620142
0.5290143641538045,-0.2326274186376054
0.530154048471734,-0.21681526369212634
0.5308237871679249,-0.206832887483543
0.532472069332269,-0.18636337272386072
0.532633210182045,-0.1839917921624874
0.5332064960584111,-0.17755947525643023
0.5344426331961653,-0.1634905089812264
0.5347900901928039,-0.16037397580544166
0.5362520562102854,-0.145278621338349
0.5371081110533389,-0.13798961132130216
0.5380614792244056,-0.1290804468154363
0.5394261319138739,-0.11855151102270156
0.5398709022385259,-0.11472768968224045
0.5414532480292057,-0.10355202048151568
0.5416803252526461,-0.10191944957796295
0.5417441527744088,-0.10159172766196889
0.5434897482667662,-0.09016793924207356
0.5440621736349437,-0.08709152283597632
0.5452991712808863,-0.07967054822978525
0.5463801944954787,-0.07436512787074889
0.5471085942950067,-0.07034704563091054
0.5486982153560137,-0.06313772662366546
0.548918017309127,-0.06202243546388786
0.5497000000000001,-0.058741505106240766
0.550727440323247,0.964919899584288
0.5510162362165486,0.9741151157097079
0.5525368633373673,1.0217775898986474
0.5533342570770836,1.0474748617570526
0.5543462863514875,1.0795528130948924
0.5556522779376185,1.1221907095193728
0.5561557093656078,1.1383168725315045
0.5579467519707948,1.197591718411445
0.557965132379728,1.198192505348743
0.5579702987981534,1.198405262032395
0.5597745553938481,1.258854005376243
0.5602883196586885,1.2766576352570382
0.5615839784079684,1.3207239647425695
0.5626063405192234,1.3567625103809746
0.5633934014220886,1.3839248369629331
0.5649243613797584,1.4387984323561227
0.5652028244362087,1.4486014827285203
0.5661935039415888,1.4846905176281666
0.5670122474503291,1.5145308046309651
0.5672423822402934,1.5231972746644828
0.5688216704644493,1.5816921632623462
0.5695604031008282,1.610183523047965
0.5706310934785694,1.6505525791502578
0.5718784239613633,1.6995975324140318
0.5724405164926897,1.7211997376092718
0.5741964448218981,1.7915329548986278
0.5742499395068098,1.793609588074105
0.5744402559123833,1.8014088925749832
0.5760593625209299,1.867499148962409
0.5765144656824333,1.8868709839217672
0.5778687855350503,1.943211823043498
0.578832486542968,1.9851417796533042
0.5796782085491703,2.0210486799262526
0.581150507403503,2.0864772758388312
0.5814876315632906,2.1011749860943496
0.5826870078831781,2.1555621764828174
0.5832970545774108,2.1833068793961274
0.5834685282640379,2.191341088448837
0.5851064775915309,2.267190536114981
0.5857865491245728,2.3002052253283978
0.5869159006056512,2.3536623128362635
0.5881045699851077,2.412631721078185
0.5887253236197713,2.442760839349635
0.5904225908456427,2.529005577669068
0.5905347466338916,2.534411167463304
0.5909337598539725,2.5551674542581395
0.5923441696480117,2.6283034012056987
0.5927406117061776,2.649963332308971
0.5941535926621321,2.7249500977892467
0.5950586325667128,2.775352701616896
0.5959630156762523,2.8245609064262
0.5973766534272478,2.9052039703281594
0.5977724386903724,2.9272242530603307
0.5991805118247667,3.0096555412197716
0.5995818617044927,3.033033209763971
0.5996946742877829,3.039987937349565
0.6013912847186129,3.141481509319192
0.6020126951483178,3.180545781070009
0.603200707732733,3.253454836461401
0.6043307160088527,3.3262629709147973
0.6050101307468533,3.3691189820029734
0.6066487368693876,3.4775805656291254
0.6068195537609733,3.4883562924433136
0.6074272637955611,3.5296391718587756
0.6086289767750936,3.610965820310639
0.6089667577299224,3.635191412485881
0.6104383997892139,3.737379714435292
0.6112847785904574,3.7991369808186732
0.6122478228033341,3.867889136299482
0.6136027994509925,3.969597926825429
0.6140572458174544,4.002686979063128
0.6156740157663563,4.127338550355944
0.6158666688315746,4.142055463550605
0.6159208203115273,4.1468314566552635
0.6176760918456948,4.285276116602157
0.6182388411720625,4.331797814353649
0.6194855148598151,4.432985364088097
0.6205568620325976,4.524363957377716
0.6212949378739352,4.5858709664223625
0.6228748828931322,4.724796996133875
0.6231043608880553,4.744505013789507
0.6239207677371504,4.817796251343509
0.6249137839021754,4.907057785814914
0.6251929037536669,4.933523046724872
0.6267232069162956,5.075262343524599
0.6275109246142019,5.151806592500861
0.6285326299304159,5.24905474121249
0.629828945474737,5.378903917084699
0.6303420529445362,5.4288397133233275
0.6321469663352722,5.614837164942571
0.6321514759586563,5.615809887510579
0.6321675197079443,5.616843106367014
0.6339608989727764,5.806835974944477
0.6344649871958069,5.862515988877931
0.6357703219868966,6.004559526152605
0.6367830080563417,6.120484827625489
0.6375797450010172,6.20954210849402
0.6391010289168769,6.388741642696573
0.6393891680151373,6.422462557980936
0.6404142716787395,6.546286197705626
0.6411985910292577,6.6417084886362545
0.6414190497774123,6.66915231933001
0.6430080140433778,6.866980519322965
0.6437370706379472,6.962615825160981
0.6448174370574977,7.101045347801005
0.646055091498482,7.268156125769906
0.646626860071618,7.343779993982419
0.6483731123590168,7.585925912689845
0.6484362830857382,7.59526211126871
0.6486610236495335,7.626677996446745
0.6502457060998585,7.853196239045275
0.650691133219552,7.919848020804352
0.6520551291139789,8.119867704108287
0.6530091540800871,8.267311145514611
0.6538645521280989,8.396559406926144
0.6553271749406218,8.629251459833483
0.6556739751422193,8.68395716965503
0.656907775620329,8.885404776890937
0.6574833981563394,8.980378576277758
0.6576451958011565,9.00732229939939
0.6592928211704598,9.284485199703568
0.6599632166616918,9.403387573827956
0.6611022441845801,9.600571537949179
0.662281237522227,9.815566499655063
0.6629116671987003,9.92817179897584
0.664599258382762,10.245105069342856
0.6647210902128202,10.266392109150047
0.6651545275911217,10.350187177506996
0.6665305132269402,10.615074038335251
0.6669172792432967,10.694089193807372
0.6683399362410605,10.975687809116152
0.6692353001038311,11.162154844063139
0.670149359255181,11.34861687225441
0.6715533209643668,11.649380571784036
0.6719587822693015,11.734206029221241
0.673401279561917,12.05262170140189
0.6737682052834217,12.133093179530078
0.6738713418249022,12.157229205387864
0.6755776282975416,12.542996722828434
0.6761893626854372,12.688810711674932
0.6773870513116615,12.967140256944447
0.6785073835459718,13.24139694528941
0.6791964743257819,13.406147651440335
0.680825404406507,13.816158951988768
0.6810058973399024,13.859630422505006
0.6816480315327109,14.025579639355215
0.6828153203540227,14.326204315351333
0.6831434252670422,14.415987059453073
0.6846247433681425,14.807089735537346
0.685461446127577,15.040880197218712
0.6864341663822622,15.30429288651942
0.687779466988111,15.689987835579075
0.6882435893963825,15.818415618711924
0.6898947835035081,16.30375466242009
0.6900530124105033,16.350122955355346
0.690097487848646,16.3641027922215
0.6918624354246244,16.893536843347462
0.6924155087091824,17.070575053771506
0.6936718584387449,17.45603985301682
0.6947335295697181,17.803604635368913
0.695481281452866,18.037799544793756
0.6970515504302534,18.56344898789439
0.6972907044670249,18.63962936448729
0.6981413747027261,18.93228473667284
0.6991001686308393,19.260285247969932
0.699369775804436,19.35947938042716
0.7009096603986257,19.895354471204968
0.701689492657773,20.190188269491614
0.7027187363989027,20.55585266157584
0.7040108097696615,21.05388075945143
0.7045267501230154,21.24162164073482
0.7063298595799218,21.952177897956517
0.7063316937297236,21.94863523910169
0.7063382512835416,21.95706393628143
0.708136039233882,22.673848552895265
0.7086263575786148,22.894395908840124
0.7099263851484634,23.423521052812703
0.7108802215980536,23.856582005726978
0.7117161009886483,24.201610383893808
0.7130922412590094,24.839654128695884
0.7134650456775286,24.99399684607539
0.7151159418531631,25.77350390892434
0.7151173975808108,25.785357036615096
0.7151217831346801,25.783417522598484
0.7166532560570653,26.51320784568736
0.7172367950291002,26.82389465390088
0.7180362996813205,27.206437887941945
0.7188859182532717,27.66960133758772
0.7198008750401752,28.128038380140936
0.7203155066729816,28.429374629023044
0.7213954061026373,28.979110651779195
0.7220713084962609,29.393459803749863
0.7235114593609512,30.17765478447363
0.7238980265400659,30.40721168849052
0.7254395220943478,31.290842935502837
0.7255814977422355,31.370969466720226
0.7256198453618431,31.42808655653414
0.7272532623825211,32.41332388536307
0.7276365008254143,32.57977113374204
0.7289031644402109,33.39534012070726
0.7296030713934216,33.75212423545463
0.730513826858805,34.36415072215357
0.7315597732540848,34.88435122607052
0.73208851270646,35.24725859441503
0.7335775554075363,35.96220784255547
0.7337061629755535,36.07514902022649
0.7343601588624642,36.33411012096144
0.7353309139541511,36.73711286456816
0.7355078038355463,36.76240135513001
0.7370477514694391,37.27261105030925
0.7377714087877509,37.14198454092906
0.7388118167443016,37.27326769931642
0.7396868848875016,36.8104264543573
0.7404264143187711,36.614338646912756
0.7415661086752988,35.49219089203052
0.7421167765309892,34.88621629796478
0.7435546027434298,32.11370933283922
0.7438278260019924,31.954300107644144
0.7454497501666781,27.237657992007826
0.7455327076049212,27.007552207097092
0.7455464833672127,26.378525233081973
0.7472317114023252,19.442078299689797
0.7474966360719678,18.73633153196033
0.7489398021684954,10.734644656025125
0.7494204757433792,8.017000820416996
0.7506514568468405,0.14153930939789916
0.7513217305339466,-3.3633705732724053
0.7523591720947813,-10.277220485526854
0.7532005316371427,-14.472445767153275
0.7540604114164873,-19.517042780463555
0.7550606829675712,-23.878281496401485
0.7557573911341686,-27.180698675215226
0.756887515992582,-31.159811983769842
0.7574547208428845,-32.970143270285604
0.7586607782719703,-36.16186835357607
0.7591388874351772,-37.409836615066325
0.7603911296253099,-39.79617240488918
0.7607664700573893,-40.21337357663904
0.7621530207556587,-41.97811580550649
0.7623896083029214,-42.398578997414916
0.7632078550882794,-43.04387389762098
0.7636473449277746,-43.399317053599816
0.7639834176388465,-43.58800687190715
0.7648605503994049,-44.1276948890541
0.765301405792088,-44.21592226742973
0.7663431195191712,-44.610311723967754
0.7672048425709667,-44.67315999705818
0.7682834699991581,-44.764297481876156
0.7689781449123279,-44.66455855793379
0.7702991560629838,-44.515633100798425
0.7706295611889322,-44.38723946905748
0.7708273344791203,-44.40763711995987
0.7723432712685399,-43.978079677080814
0.7735206684170971,-43.553140263987274
0.774047754962716,-43.37340571649622
0.7749530222615969,-42.96506266451547
0.7757318344008004,-42.652697880958044
0.7761928668059264,-42.40782092625589
0.777481111027089,-41.78670664279605
0.778931759922401,-41.02527235946792
0.7792272218133955,-40.89245184947765
0.7797514750203163,-40.58696656839038
0.7809718503299534,-39.924642648129975
0.7816553084415963,-39.53811527982634
0.7827155612394223,-38.91893979575593
0.7843714817870721,-37.95268910253708
0.7844585243441561,-37.88219751597535
0.7846149396366631,-37.811474438673486
0.7862026039610381,-36.849468301138245
0.7870828836566082,-36.33272123239624
0.787946813485304,-35.80028330014704
0.7895074948213147,-34.87125049578543
0.7896911763177822,-34.74840239406615
0.789792633263842,-34.697303884353005
0.7914354305883324,-33.704387089099555
0.7924997963696366,-33.07478103093058
0.7931797414354369,-32.66406572684048
0.7944113592307712,-31.93718633155781
0.7949240359784825,-31.629833111634184
0.7952070169653362,-31.46809792979394
0.7966683157708372,-30.613348089096462
0.7979140565615434,-29.90341137759313
0.7984125952076032,-29.61563580118434
0.7993158289598776,-29.107317734496405
0.8001568745484594,-28.634195855899065
0.8006210877895031,-28.379652731906937
0.8019011538637252,-27.67000223827381
0.8033281181602006,-26.90658607313412
0.803645433173248,-26.73251733826487
0.8042203336235443,-26.43200419269985
0.805389712481773,-25.815444926015743
0.8060351485158864,-25.48903977045984
0.8071339917901839,-24.922187577094633
0.8087421788705014,-24.126241931348943
0.8088782710985827,-24.057949987885877
0.8091248383273727,-23.938753516467386
0.81062255040698,-23.21185817467972
0.8114492092250938,-22.827871934779125
0.8123668297153771,-22.393642382687062
0.8140293430312437,-21.64153724012209
0.8141111090237745,-21.604462050628854
0.8141562395796855,-21.584766051278166
0.8158553883321716,-20.832750066887115
0.8168632699342769,-20.407319480704473
0.8175996676405688,-20.090354950715323
0.818933847735115,-19.543060943208953
0.8193439469489661,-19.373849505386488
0.8195703002888685,-19.28514418293173
0.8210882262573632,-18.676885079831095
0.82227733064346,-18.223564340958205
0.8228325055657604,-18.007680909606734
0.8238383524389862,-17.635541116667923
0.8245767848741575,-17.36084178212269
0.8249843609980516,-17.216723667479755
0.8263210641825547,-16.734186799107817
0.8276913913526434,-16.264548476016444
0.828065343490952,-16.133628133325374
0.8287428571428572,-2.9342933084651577
0.8298096227993491,-3.2264660723283782
0.8303984217072349,-3.4132866763867185
0.8315539021077463,-3.759394609323863
0.8331054520618265,-4.297976123420256
0.8332981814161435,-4.359745523396839
0.8336473618467283,-4.492706664525031
0.8350424607245407,-5.01206580750727
0.8358124824164179,-5.3420516214165445
0.836786740032938,-5.737620748455868
0.8385195127710098,-6.548900941385909
0.8385310193413352,-6.556754223956034
0.8385518665505994,-6.563052363309566
0.8402752986497324,-7.431355617845327
0.8412265431256016,-7.976940839124268
0.8420195779581295,-8.413493034597252
0.84345637125447,-9.31250428610906
0.8437638572665267,-9.50783139559104
0.843933573480193,-9.620445303216457
0.845508136574924,-10.682588918559134
0.8466406038347845,-11.547764538993874
0.8472524158833212,-12.004119513092633
0.8483608759583419,-12.92575928878452
0.8489966951917184,-13.459315648856773
0.8493476341893761,-13.77657327553925
0.8507409745001158,-15.032964741678882
0.8520546645439677,-16.377113063858324
0.852485253808513,-16.788144415591603
0.8532653806622135,-17.664485886330567
0.8542295331169109,-18.716492020144074
0.85476169489856,-19.384942161122353
0.8559738124253122,-20.833757188549896
0.8574687252531525,-22.85715571364085
0.8577180917337167,-23.206409808926708
0.8581698853661265,-23.851808809403316
0.8594623710421287,-25.75641172877448
0.8601757556077463,-26.912340271356243
0.8612066503505507,-28.557065520834385
0.862882785962343,-31.58015470197779
0.8629509296589782,-31.734593106515547
0.8630743900701764,-31.927801438423785
0.8646952089674143,-35.10946120463916
0.8655898163169393,-37.05117892497026
0.8664394882758301,-38.88595195636634
0.8679788947741048,-42.55868702193146
0.8681837675841922,-43.118000257677465
0.8682966408385768,-43.363979167631214
0.86992663200014,-47.62080814802505
0.8709962760501071,-50.78395012218658
0.8716678312667372,-52.704723957811154
0.8728948456596772,-56.75034984767038
0.8734057474403708,-58.38056084865377
0.8736829553066117,-59.487383089955
0.8751392817132365,-64.67664668339415
0.8763508659965934,-69.73391270957697
0.8768694951444315,-71.73677351365984
0.8778288377505135,-76.27146677379827
0.8785815979234364,-79.68862590134353
0.8789829981673617,-81.89533790166428
0.8802926334885984,-88.7151265719092
0.8815462512931783,-96.53296407948096
0.8819674913876929,-99.19586098186832
0.8830404998484331,-106.82485454615097
0.8837253121397552,-112.27500006625449
0.8838831172925579,-112.90961554556151
0.8842863904261147,-116.57663459212361
0.8854672077961989,-126.78140164629912
0.8865503419648247,-138.5192718595662
0.886909060570159,-142.78361755393811
0.887065285948572,-144.0203189450144
0.8881285706651065,-157.739157532695
0.8882544141746478,-159.77504942496216
0.8882941239631489,-160.34794829702062
0.889245350520905,-174.3821335150901
0.8897986704681546,-184.73309695756063
0.8901130472728682,-190.16881522414323
0.8906390717281464,-201.26822649021494
0.8909049470320592,-206.6400886283833
0.8911092271516526,-211.92520644820888
0.891690826355257,-225.54632516854468
0.8924209866296113,-247.50165470555976
0.8925434558559812,-251.48604957478386
0.8926014410708201,-253.6363086194861
0.8933529977774758,-279.87017534895193
0.8933627734278378,-281.54141551600674
0.8934082230673517,-282.3555432535045
0.8939341285321776,-305.1999320236541
0.8940865514479912,-313.2362043593273
0.8944710597344796,-332.85797425925625
0.8947915677711451,-352.02348434573935
0.8949682311816631,-362.68374044779375
0.8953750050638674,-392.4743938799451
0.8954503987749695,-396.5158384005305
0.8955439390445342,-405.35002360329975
0.8958412476650176,-429.56390477967375
0.8961047485651654,-455.4168816320198
0.896185410085194,-462.33051126420486
0.8962778387321803,-472.95565073193325
0.8964831912260331,-494.75340418497876
0.8967622900449219,-530.4134894357007
0.8968156527640471,-535.3776673593549
0.8968812893099337,-546.9419108216507
0.8971602619123337,-586.0479906500054
0.8974051672700742,-625.9375844148192
0.8974075871650908,-624.2968736498415
0.8974107959720096,-628.8474770562834
0.8976635520574563,-671.5827843643295
0.8978132639410152,-702.7213457985844
0.8979057337260002,-716.7989993425526
0.898077640521967,-754.1832129720558
0.8981282172037895,-766.8889572753926
0.8981515824320168,-767.2194408643818
0.8983340809498943,-807.1262184151919
0.8984287017432766,-828.1346927942634
0.8985222168745906,-846.067144462857
0.8986357272553085,-861.3481817443098
0.8986820715400128,-871.8334404245813
0.8988107108484795,-878.359605039348
0.8988316259449151,-888.0987238806412
0.8989761935607201,-883.7472488181816
0.8989983558703343,-891.1522142124686
0.8991230924972511,-866.51131786324
0.8991255518111503,-873.6982930069971
0.8992552381224294,-828.8974142576619
0.899287396491131,-831.9540227812577
0.8993977444500514,-761.153514472523
0.8994630073444458,-705.4486834588497
0.8994839861694495,-704.5805853753391
0.8995371780398129,-647.6674094322734
0.8996443508883194,-535.4354326587809
0.8997126626813277,-447.6722548021953
0.899796237323958,-319.64612399516045
0.8998557913304758,-193.98637925083312
0.8999729814150418,-53.58120458851499
0.9000217076016279,71.02613333290174
0.9000899913241485,181.72903997632784
0.9001871351918326,300.18279271305073
0.9003068283772762,456.3610793696939
0.9003716674173667,534.5692768399931
0.9004747957834951,636.1203763614903
0.9005511486420552,707.1113662860953
0.9005943311037632,732.2166562889834
0.9006989396698477,796.9934040912976
0.9008311748845435,836.3757945072903
0.900851807510761,844.4367340208792
0.9008751221918705,846.388651021879
0.9010356653987672,871.3055918213549
0.9011326098221883,858.3475790912289
0.9012581044762625,857.4888242011439
0.9013768910694336,834.1916110370694
0.901446290350702,827.255143238197
0.9016067725047298,794.2256963539512
0.9016310770838016,791.8903574956812
0.9016913008632943,778.5638734323277
0.9018046729045843,755.656968471576
0.9018700133601294,740.8710015923563
0.9019905473893405,718.306914977251
0.9022236276719495,669.5074698473841
0.9022382958527576,669.9027622963963
0.9022719080640448,659.8726428750285
0.9025220824459259,616.9731074601796
0.9026236462212419,596.530095094975
0.9028200892795393,566.9162474349064
0.9030301805197178,534.4929600060585
0.9031442999096979,519.1799207744277
0.9034456554022035,481.29173554420424
0.9034964688267826,474.3945592849766
0.9038872775991341,433.73538403294424
0.9038887001127035,431.83849485369615
0.9039007421257511,430.92970951700954
0.9043093871578147,395.0324103256537
0.9043583501759962,390.540343543424
0.9047687301998327,358.06112735381134
0.9049009532159166,349.2875500559519
0.9052750258688957,325.12806767644315
0.9055158446516238,311.1331839091714
0.9058250538780555,295.1119102228994
0.9061823277528249,277.5911039811474
0.9064183782451374,267.44701959448565
0.9069023848955969,248.70457799219957
0.9070691945836372,242.17645943117745
0.9076876927216977,222.6449035556765
0.9077877581969556,218.8256567917467
0.9085844113073753,197.4321488916603
0.9085995623619921,197.96892998571622
0.9094972830112049,176.82146892056522
0.909665641864953,174.50927689939135
0.9099745627528881,168.15973608583272
0.9105565889764837,157.6313373221816
0.9110718601085512,149.77296359071616
0.9113751475307228,144.908745030765
0.9118419755233791,138.76442415658204
0.9121266837309678,134.76826348840177
0.9126309840649776,128.87240768118986
0.9130777910768858,123.48223773404393
0.9131804715744587,122.9193437757648
0.9135925997376164,118.32685002064615
0.9141714352486412,112.39310215694644
0.9145919971500228,108.74723989251132
0.9152117459996383,103.5391152917434
0.9154308661088001,101.34122528058774
0.9163058612589721,95.04035286106267
0.9168456996927172,90.95721681245416
0.9169927503500144,90.48953289514488
0.9181155627321165,83.26078544283092
0.9186301946342781,80.26183364913824
0.9195981047974497,75.15887553305129
0.9203986711748596,71.42213663327792
0.9209459246132913,68.86320458128463
0.9220340581020862,64.4191167319284
0.9224779509052539,62.69321331113409
0.922732210251013,61.69986820197123
0.924106945836653,56.77290946659055
0.9252485621881099,53.30084915649053
0.9258014494459375,51.55918592712007
0.9268256564006887,48.85345953101063
0.9275142703428627,47.04053696251944
0.9278854508321734,46.155324993497004
0.9292445047295048,42.867121835398564
0.9305721494432323,40.14283132788663
0.9309815800035128,39.232763504566606
0.9317269309346383,37.881877230935174
0.9327215600945961,35.99201616970731
0.9332680096079693,35.12713987491533
0.9344646163563877,33.106339109086605
0.935972572873224,30.873034935233704
0.936209439293535,30.554834292411385
0.9366387913565508,29.93973815466244
0.9379544497098914,28.17911475167142
0.9386813781328062,27.28274014416644
0.9396995869203844,26.04533293743708
0.9413922669793976,24.18120343681585
0.941444459051301,24.109797253050772
0.9415384993333538,24.030595501840025
0.9431881080564317,22.36312281567359
0.9441071094067346,21.514050166596178
0.9449297061661615,20.760895388819733
0.9463901406341668,19.521220412703613
0.946667512454986,19.308035978107682
0.9468241045767275,19.169241489330602
0.9483999891506923,17.936317907689897
0.949539803612786,17.12840666135355
0.9501273179481564,16.697706811943817
0.9511490500909914,16.028272781815417
0.95185426608587,15.552098784629663
0.9522596984876359,15.315747889235311
0.9535398511051136,14.517445755905953
0.9550358388978144,13.664881115468916
0.9551863785566947,13.588267995545095
0.9553563395900132,13.484171778928385
0.9567188626178174,12.748263867576554
0.9579163283445247,12.150274811311192
0.9582799953174179,11.96373023923826
0.9585981355786679,11.816430993631753
0.9596502308752642,11.306434623125824
0.9609955422416735,10.705955520682892
0.9611973313353308,10.609521412043478
0.961392778545107,10.53029349777539
0.9627881661813433,9.927699032672592
0.9642845576064898,9.329563955605465
0.9643928688004416,9.288571215989293
0.9644953217319105,9.244399926737401
0.9660043920677567,8.664750773974163
0.9675333044516472,8.115774386016938
0.9676192173762342,8.087453006400608
0.9677052363115405,8.052762197414381
0.9692355658460243,7.52355492807456
0.970758666591983,7.02835287961048
0.9708523292823311,7.000239106225109
0.9709464567463904,6.966237779189328
0.9724702074494888,6.487384507352687
0.9739918283821064,6.0385224428820266
0.974088744015372,6.004947587525294
0.9741857550050016,5.979947068356012
0.9757080446963806,5.539948232803425
0.9772303386246537,5.126502511685146
0.977327466656629,5.0955532866570366
0.9774246017589748,5.072410435967896
0.9789469286125396,4.666179872774222
0.9804692248910301,4.282045426922053
0.9805663901987433,4.253297717581177
0.9806635579893768,4.231695398594496
0.9821858574441549,3.8535777096707875
0.9837081568989324,3.491000816542453
0.9838053249492317,3.469762647273427
0.983902492999531,3.4437064075766557
0.9854247924543084,3.0896701408977947
0.9869470919090861,2.7460395736578107
0.9870442599593852,2.7259680623648137
0.9871414280096844,2.7011381872692937
0.9886637274644621,2.364508372045549
0.9901860269192395,2.0353071310955784
0.9902831949695385,2.016133557500922
0.9903803630198378,1.9922124880723686
0.9919026624746158,1.6682631558903722
0.9934249619293934,1.3512696679228497
0.9935221299796927,1.327629244452396
0.9936192980299917,1.3094313575037972
0.9951415974847695,0.9928336823716677
0.9966638969395469,0.6820912766779088
0.9967610649898462,0.6589482587643261
0.9968582330401452,0.6410017167592628
0.9983805324949231,0.32949908720144094
0.9999028319497008,0.01963148638134271
1,0.0017147932627779028
